Order_ID,Order_Date,Product_Name,Category,Region,Customer_ID,Quantity,Sales,Profit,Month,Year
ORD-1001,2023-10-17,Laptop Pro,Technology,East,CUST-1062,4,795.36,-78.54,2023-10,2023
ORD-1002,2022-02-02,Wireless Mouse,Technology,South,CUST-1059,9,3246.39,424.05,2022-02,2022
ORD-1003,2023-04-05,Printer Paper,Office Supplies,South,CUST-1178,7,188.37,-13.61,2023-04,2023
ORD-1004,2022-04-10,Binder Clips,Office Supplies,Central,CUST-1067,1,40.54,4.79,2022-04,2022
ORD-1005,2023-10-06,Sticky Notes,Office Supplies,North,CUST-1011,4,168.24,57.64,2023-10,2023
ORD-1006,2023-04-10,Ballpoint Pens,Office Supplies,East,CUST-1090,4,153.84,30.91,2023-04,2023
ORD-1007,2023-07-01,Bookshelf,Furniture,West,CUST-1097,5,1786.8,303.76,2023-07,2023
ORD-1008,2022-02-27,Executive Chair,Furniture,East,CUST-1102,5,623.4,191.11,2022-02,2022
ORD-1009,2023-05-27,Belt,Clothing,South,CUST-1067,3,340.29,44.47,2023-05,2023
ORD-1010,2023-02-13,Sticky Notes,Office Supplies,South,CUST-1130,8,145.44,-18.39,2023-02,2023
ORD-1011,2023-03-09,SSD 1TB,Technology,West,CUST-1152,8,1606.4099999999999,899.76,2023-03,2023
ORD-1012,2023-11-30,Binder Clips,Office Supplies,North,CUST-1075,7,143.78,-21.33,2023-11,2023
ORD-1013,2022-07-02,Mechanical Keyboard,Technology,Central,CUST-1155,4,813.96,188.23,2022-07,2022
ORD-1014,2022-01-01,Tape Dispenser,Office Supplies,North,CUST-1028,6,274.56,72.99,2022-01,2022
ORD-1015,2022-03-22,Smart Speaker,Technology,North,CUST-1194,9,3762.36,-322.83,2022-03,2022
ORD-1016,2023-09-14,Trousers,Clothing,Central,CUST-1193,4,767.12,37.97,2023-09,2023
ORD-1017,2023-04-08,"Monitor 27""",Technology,South,CUST-1016,6,1606.4099999999999,119.87,2023-04,2023
ORD-1018,2022-03-02,Standing Desk,Furniture,North,CUST-1084,2,475.14,-5.11,2022-03,2022
ORD-1019,2023-08-08,Trousers,Clothing,West,CUST-1104,4,351.4,63.07,2023-08,2023
ORD-1020,2022-02-25,Laptop Pro,Technology,West,CUST-1186,6,2581.26,-246.16,2022-02,2022
ORD-1021,2022-07-07,Tape Dispenser,Office Supplies,South,CUST-1019,8,346.24,96.25,2022-07,2022
ORD-1022,2022-01-16,"Monitor 27""",Technology,South,CUST-1104,8,2547.84,719.32,2022-01,2022
ORD-1023,2023-02-04,Tape Dispenser,Office Supplies,East,CUST-1108,9,343.53,32.06,2023-02,2023
ORD-1024,2023-07-10,Webcam HD,Technology,North,CUST-1012,10,3168.8,981.36,2023-07,2023
ORD-1025,2022-07-10,Wireless Mouse,Technology,South,CUST-1103,2,959.12,129.33,2022-07,2022
ORD-1026,2023-11-05,File Folders,Office Supplies,South,CUST-1171,6,140.1,6.71,2023-11,2023
ORD-1027,2022-03-16,Smart Speaker,Technology,Central,CUST-1144,2,351.28,-15.25,2022-03,2022
ORD-1028,2022-09-08,File Folders,Office Supplies,South,CUST-1112,9,356.58,55.57,2022-09,2022
ORD-1029,2023-07-22,Stapler Set,Office Supplies,South,CUST-1067,2,92.28,20.41,2023-07,2023
ORD-1030,2022-12-18,Sofa Set,Furniture,Central,CUST-1125,5,1680.7,458.92,2022-12,2022
ORD-1031,2022-01-04,Ballpoint Pens,Office Supplies,East,CUST-1041,8,274.48,17.52,2022-01,2022
ORD-1032,2022-06-02,Webcam HD,Technology,Central,CUST-1141,3,901.29,-116.34,2022-06,2022
ORD-1033,2022-02-10,Sticky Notes,Office Supplies,South,CUST-1170,2,54.76,7.12,2022-02,2022
ORD-1034,2022-08-31,Bookshelf,Furniture,West,CUST-1006,3,880.83,14.17,2022-08,2022
ORD-1035,2022-09-12,Ballpoint Pens,Office Supplies,North,CUST-1097,1,45.05,-1.75,2022-09,2022
ORD-1036,2022-08-22,Executive Chair,Furniture,South,CUST-1102,6,1069.26,-123.27,2022-08,2022
ORD-1037,2023-11-27,Printer Paper,Office Supplies,North,CUST-1066,3,105.96,36.21,2023-11,2023
ORD-1038,2022-11-18,Formal Shoes,Clothing,West,CUST-1147,4,459.16,93.85,2022-11,2022
ORD-1039,2023-11-18,Coffee Table,Furniture,West,CUST-1017,6,1590.24,288.94,2023-11,2023
ORD-1040,2023-11-14,Tie Set,Clothing,West,CUST-1178,5,825.7,-44.65,2023-11,2023
ORD-1041,2022-06-28,Highlighters,Office Supplies,Central,CUST-1000,5,125.2,8.13,2022-06,2022
ORD-1042,2023-03-29,Whiteboard,Furniture,South,CUST-1168,2,359.02,65.32,2023-03,2023
ORD-1043,2022-08-29,Sticky Notes,Office Supplies,South,CUST-1037,1,16.62,5.68,2022-08,2022
ORD-1044,2023-10-07,Desk Lamp,Furniture,West,CUST-1102,4,580.76,112.56,2023-10,2023
ORD-1045,2023-03-12,Bookshelf,Furniture,Central,CUST-1118,1,248.47,76.71,2023-03,2023
ORD-1046,2023-06-28,Tape Dispenser,Office Supplies,Central,CUST-1184,9,269.46,81.76,2023-06,2023
ORD-1047,2023-04-06,Sticky Notes,Office Supplies,East,CUST-1196,9,287.64,-8.74,2023-04,2023
ORD-1048,2022-12-10,Stapler Set,Office Supplies,South,CUST-1038,4,113.64,-8.36,2022-12,2022
ORD-1049,2023-04-23,Business Suit,Clothing,South,CUST-1107,7,1568.07,222.73,2023-04,2023
ORD-1050,2023-01-25,Business Suit,Clothing,East,CUST-1076,7,1507.66,492.58,2023-01,2023
ORD-1051,2023-09-10,Whiteboard,Furniture,South,CUST-1069,7,1612.66,71.65,2023-09,2023
ORD-1052,2023-04-24,Executive Chair,Furniture,West,CUST-1151,10,2750.8,-297.16,2023-04,2023
ORD-1053,2022-09-24,Tie Set,Clothing,South,CUST-1116,6,772.2,223.8,2022-09,2022
ORD-1054,2022-03-25,Business Suit,Clothing,Central,CUST-1013,6,658.02,-76.13,2022-03,2022
ORD-1055,2022-09-11,Executive Chair,Furniture,Central,CUST-1039,4,559.24,103.31,2022-09,2022
ORD-1056,2023-01-13,Standing Desk,Furniture,South,CUST-1079,2,507.66,159.63,2023-01,2023
ORD-1057,2022-07-23,"Monitor 27""",Technology,North,CUST-1178,5,2238.0,336.16,2022-07,2022
ORD-1058,2022-12-22,Tie Set,Clothing,North,CUST-1129,6,444.78,26.7,2022-12,2022
ORD-1059,2023-04-16,Desk Lamp,Furniture,South,CUST-1187,9,3161.7,-47.3,2023-04,2023
ORD-1060,2023-03-23,Binder Clips,Office Supplies,South,CUST-1022,5,229.3,-6.44,2023-03,2023
ORD-1061,2022-01-30,Tie Set,Clothing,South,CUST-1124,4,526.44,-10.96,2022-01,2022
ORD-1062,2023-07-24,"Monitor 27""",Technology,North,CUST-1061,7,2247.0,514.75,2023-07,2023
ORD-1063,2022-01-18,Mechanical Keyboard,Technology,South,CUST-1103,4,1028.68,144.82,2022-01,2022
ORD-1064,2023-07-18,Binder Clips,Office Supplies,West,CUST-1069,5,119.0,-10.67,2023-07,2023
ORD-1065,2023-12-08,File Cabinet,Furniture,South,CUST-1189,8,1421.44,205.82,2023-12,2023
ORD-1066,2022-07-18,Sticky Notes,Office Supplies,East,CUST-1045,5,77.5,9.07,2022-07,2022
ORD-1067,2023-12-16,Whiteboard,Furniture,North,CUST-1003,10,1796.5,160.53,2023-12,2023
ORD-1068,2023-05-05,Wireless Mouse,Technology,West,CUST-1125,2,703.92,136.02,2023-05,2023
ORD-1069,2022-03-29,Standing Desk,Furniture,Central,CUST-1195,7,1825.53,447.93,2022-03,2022
ORD-1070,2023-03-30,Highlighters,Office Supplies,East,CUST-1145,10,171.1,56.47,2023-03,2023
ORD-1071,2022-09-28,USB Hub,Technology,South,CUST-1044,9,1586.43,-235.84,2022-09,2022
ORD-1072,2022-08-26,File Folders,Office Supplies,West,CUST-1018,4,189.36,46.19,2022-08,2022
ORD-1073,2023-03-12,"Monitor 27""",Technology,South,CUST-1068,3,524.97,-35.19,2023-03,2023
ORD-1074,2022-10-23,Formal Shoes,Clothing,West,CUST-1176,5,947.8,304.56,2022-10,2022
ORD-1075,2022-02-10,Tie Set,Clothing,Central,CUST-1064,1,87.34,28.91,2022-02,2022
ORD-1076,2023-11-20,Printer Paper,Office Supplies,South,CUST-1120,9,340.2,104.79,2023-11,2023
ORD-1077,2023-05-19,Smart Speaker,Technology,East,CUST-1104,6,1574.22,-153.8,2023-05,2023
ORD-1078,2023-11-10,Business Suit,Clothing,West,CUST-1022,6,686.4,-63.18,2023-11,2023
ORD-1079,2022-01-02,Dress Shirt,Clothing,North,CUST-1048,9,1195.02,272.73,2022-01,2022
ORD-1080,2023-07-17,Sofa Set,Furniture,West,CUST-1178,8,1108.8,373.19,2023-07,2023
ORD-1081,2023-07-19,SSD 1TB,Technology,North,CUST-1057,2,623.02,-56.86,2023-07,2023
ORD-1082,2023-06-06,Highlighters,Office Supplies,West,CUST-1120,4,123.96,-9.63,2023-06,2023
ORD-1083,2022-05-20,Mechanical Keyboard,Technology,West,CUST-1087,9,2191.59,-325.93,2022-05,2022
ORD-1084,2023-11-07,Polo Shirt,Clothing,West,CUST-1137,8,1039.84,130.98,2023-11,2023
ORD-1085,2022-07-13,Desk Lamp,Furniture,South,CUST-1198,7,833.0,185.22,2022-07,2022
ORD-1086,2023-11-11,Whiteboard,Furniture,North,CUST-1032,9,3161.43,50.57,2023-11,2023
ORD-1087,2023-04-13,USB Hub,Technology,West,CUST-1167,3,528.57,127.26,2023-04,2023
ORD-1088,2022-03-24,Highlighters,Office Supplies,East,CUST-1160,8,364.24,-48.1,2022-03,2022
ORD-1089,2022-08-21,SSD 1TB,Technology,North,CUST-1194,2,610.58,120.28,2022-08,2022
ORD-1090,2022-10-28,Binder Clips,Office Supplies,West,CUST-1037,4,134.36,17.87,2022-10,2022
ORD-1091,2023-01-27,Whiteboard,Furniture,Central,CUST-1036,4,1214.69,-20.64,2023-01,2023
ORD-1092,2022-10-22,Standing Desk,Furniture,West,CUST-1088,10,1833.9,607.05,2022-10,2022
ORD-1093,2023-01-29,Formal Shoes,Clothing,South,CUST-1097,10,1323.1,-2.73,2023-01,2023
ORD-1094,2023-02-10,Printer Paper,Office Supplies,Central,CUST-1175,1,46.87,10.43,2023-02,2023
ORD-1095,2022-08-24,Sticky Notes,Office Supplies,South,CUST-1158,5,193.6,40.75,2022-08,2022
ORD-1096,2023-10-05,Mechanical Keyboard,Technology,West,CUST-1008,10,2777.0,-234.08,2023-10,2023
ORD-1097,2022-07-25,Coffee Table,Furniture,Central,CUST-1128,5,1586.4,-34.13,2022-07,2022
ORD-1098,2022-12-13,Smart Speaker,Technology,North,CUST-1036,4,1804.2,382.69,2022-12,2022
ORD-1099,2023-01-10,SSD 1TB,Technology,North,CUST-1067,9,1739.34,59.65,2023-01,2023
ORD-1100,2023-10-16,Stapler Set,Office Supplies,South,CUST-1120,1,36.68,11.8,2023-10,2023
ORD-1101,2023-10-13,Blazer,Clothing,West,CUST-1029,3,238.86,-31.38,2023-10,2023
ORD-1102,2023-07-05,Desk Lamp,Furniture,West,CUST-1094,9,1922.58,425.15,2023-07,2023
ORD-1103,2023-05-17,Blazer,Clothing,North,CUST-1176,6,651.0,47.1,2023-05,2023
ORD-1104,2023-01-12,Printer Paper,Office Supplies,West,CUST-1070,4,195.56,63.46,2023-01,2023
ORD-1105,2023-10-17,Laptop Pro,Technology,East,CUST-1062,3,1276.32,-60.49,2023-10,2023
ORD-1106,2022-08-27,Ballpoint Pens,Office Supplies,Central,CUST-1000,5,225.2,-17.49,2022-08,2022
ORD-1107,2023-11-08,USB Hub,Technology,North,CUST-1091,4,1424.4,-202.42,2023-11,2023
ORD-1108,2022-04-27,Smart Speaker,Technology,West,CUST-1199,6,1977.78,-188.82,2022-04,2022
ORD-1109,2023-11-06,Tape Dispenser,Office Supplies,North,CUST-1015,8,357.28,22.56,2023-11,2023
ORD-1110,2022-03-24,Ballpoint Pens,Office Supplies,North,CUST-1032,5,184.25,26.29,2022-03,2022
ORD-1111,2022-10-29,Dress Shirt,Clothing,North,CUST-1179,2,430.54,75.54,2022-10,2022
ORD-1112,2023-04-08,Desk Lamp,Furniture,East,CUST-1116,7,1489.81,-152.64,2023-04,2023
ORD-1113,2022-06-06,Formal Shoes,Clothing,North,CUST-1021,2,289.12,64.27,2022-06,2022
ORD-1114,2023-07-30,Stapler Set,Office Supplies,West,CUST-1090,7,317.66,66.88,2023-07,2023
ORD-1115,2023-08-15,Bookshelf,Furniture,West,CUST-1057,2,392.46,50.29,2023-08,2023
ORD-1116,2023-03-16,Mechanical Keyboard,Technology,North,CUST-1046,5,1606.4099999999999,8.89,2023-03,2023
ORD-1117,2023-08-03,Formal Shoes,Clothing,South,CUST-1189,1,87.42,10.07,2023-08,2023
ORD-1118,2022-11-16,Stapler Set,Office Supplies,North,CUST-1039,3,124.23,-15.54,2022-11,2022
ORD-1119,2023-09-14,Dress Shirt,Clothing,East,CUST-1055,9,820.08,53.27,2023-09,2023
ORD-1120,2023-11-15,Printer Paper,Office Supplies,South,CUST-1101,10,169.2,-8.09,2023-11,2023
ORD-1121,2022-10-24,Stapler Set,Office Supplies,North,CUST-1127,7,148.05,5.94,2022-10,2022
ORD-1122,2022-12-29,SSD 1TB,Technology,North,CUST-1111,1,310.91,-34.53,2022-12,2022
ORD-1123,2023-10-18,Blazer,Clothing,North,CUST-1103,1,234.32,-15.01,2023-10,2023
ORD-1124,2023-01-06,SSD 1TB,Technology,North,CUST-1062,7,2492.7,279.14,2023-01,2023
ORD-1125,2022-12-08,Standing Desk,Furniture,Central,CUST-1162,2,483.42,-25.64,2022-12,2022
ORD-1126,2023-10-23,File Cabinet,Furniture,North,CUST-1037,5,788.55,119.23,2023-10,2023
ORD-1127,2023-10-06,Belt,Clothing,Central,CUST-1194,10,1474.2,460.06,2023-10,2023
ORD-1128,2023-10-05,Ballpoint Pens,Office Supplies,West,CUST-1017,8,243.84,0.34,2023-10,2023
ORD-1129,2022-11-14,Belt,Clothing,North,CUST-1014,6,1270.38,-141.82,2022-11,2022
ORD-1130,2023-06-04,Belt,Clothing,Central,CUST-1141,1,147.56,37.61,2023-06,2023
ORD-1131,2022-06-04,Smart Speaker,Technology,North,CUST-1087,2,653.18,-41.62,2022-06,2022
ORD-1132,2023-06-20,Coffee Table,Furniture,East,CUST-1072,7,1477.07,28.34,2023-06,2023
ORD-1133,2022-03-09,Stapler Set,Office Supplies,Central,CUST-1173,7,174.65,37.0,2022-03,2022
ORD-1134,2022-12-08,USB Hub,Technology,East,CUST-1079,7,1365.91,279.22,2022-12,2022
ORD-1135,2022-12-03,Standing Desk,Furniture,West,CUST-1130,6,675.54,2.99,2022-12,2022
ORD-1136,2022-07-16,Bookshelf,Furniture,South,CUST-1019,5,1604.0,-159.49,2022-07,2022
ORD-1137,2022-02-08,Ballpoint Pens,Office Supplies,Central,CUST-1096,3,62.04,16.48,2022-02,2022
ORD-1138,2023-03-25,SSD 1TB,Technology,East,CUST-1173,4,1957.44,303.99,2023-03,2023
ORD-1139,2022-09-02,Tape Dispenser,Office Supplies,South,CUST-1094,10,494.6,39.98,2022-09,2022
ORD-1140,2022-06-15,Bookshelf,Furniture,East,CUST-1013,8,2626.24,334.24,2022-06,2022
ORD-1141,2022-10-19,USB Hub,Technology,East,CUST-1115,9,1814.13,124.7,2022-10,2022
ORD-1142,2022-12-24,SSD 1TB,Technology,North,CUST-1101,9,2528.01,108.91,2022-12,2022
ORD-1143,2022-04-12,Ballpoint Pens,Office Supplies,South,CUST-1009,5,235.55,20.31,2022-04,2022
ORD-1144,2023-09-23,Wireless Mouse,Technology,North,CUST-1065,4,1768.96,220.06,2023-09,2023
ORD-1145,2022-10-23,Sofa Set,Furniture,North,CUST-1012,4,855.2,211.19,2022-10,2022
ORD-1146,2023-09-04,"Monitor 27""",Technology,South,CUST-1074,7,1053.85,27.83,2023-09,2023
ORD-1147,2023-06-21,Stapler Set,Office Supplies,Central,CUST-1139,9,382.68,39.73,2023-06,2023
ORD-1148,2023-02-01,File Folders,Office Supplies,North,CUST-1091,2,54.14,11.72,2023-02,2023
ORD-1149,2022-12-07,Executive Chair,Furniture,East,CUST-1139,6,1878.0,-117.29,2022-12,2022
ORD-1150,2023-10-09,Bookshelf,Furniture,North,CUST-1183,8,938.56,-46.18,2023-10,2023
ORD-1151,2022-11-14,Belt,Clothing,East,CUST-1009,4,480.28,134.99,2022-11,2022
ORD-1152,2023-01-12,Dress Shirt,Clothing,West,CUST-1098,6,1413.54,138.67,2023-01,2023
ORD-1153,2022-03-26,Formal Shoes,Clothing,West,CUST-1154,3,490.92,5.21,2022-03,2022
ORD-1154,2023-09-10,Polo Shirt,Clothing,West,CUST-1089,8,632.96,180.41,2023-09,2023
ORD-1155,2022-02-28,SSD 1TB,Technology,East,CUST-1131,3,1450.44,-114.02,2022-02,2022
ORD-1156,2022-03-10,Coffee Table,Furniture,East,CUST-1098,10,1161.6,-85.12,2022-03,2022
ORD-1157,2022-03-20,Coffee Table,Furniture,West,CUST-1080,5,854.5,-79.7,2022-03,2022
ORD-1158,2023-07-30,Mechanical Keyboard,Technology,East,CUST-1180,8,1800.8,280.81,2023-07,2023
ORD-1159,2022-05-19,Smart Speaker,Technology,South,CUST-1182,8,3992.32,1019.07,2022-05,2022
ORD-1160,2023-12-28,Mechanical Keyboard,Technology,East,CUST-1040,3,1283.37,133.96,2023-12,2023
ORD-1161,2023-05-21,Webcam HD,Technology,Central,CUST-1146,6,1881.54,642.56,2023-05,2023
ORD-1162,2023-02-12,Dress Shirt,Clothing,West,CUST-1147,2,186.1,1.58,2023-02,2023
ORD-1163,2022-05-12,Bookshelf,Furniture,West,CUST-1128,1,317.51,34.62,2022-05,2022
ORD-1164,2022-08-19,File Folders,Office Supplies,North,CUST-1064,4,148.92,18.68,2022-08,2022
ORD-1165,2023-05-30,Bookshelf,Furniture,South,CUST-1168,10,2896.0,441.84,2023-05,2023
ORD-1166,2022-01-30,Laptop Pro,Technology,Central,CUST-1067,4,1673.76,97.57,2022-01,2022
ORD-1167,2022-10-24,Tape Dispenser,Office Supplies,South,CUST-1175,7,177.87,-20.19,2022-10,2022
ORD-1168,2022-07-28,Ballpoint Pens,Office Supplies,East,CUST-1183,6,244.2,68.47,2022-07,2022
ORD-1169,2023-07-30,Webcam HD,Technology,South,CUST-1119,2,487.24,-12.69,2023-07,2023
ORD-1170,2023-09-23,Trousers,Clothing,South,CUST-1083,10,1931.5,-106.39,2023-09,2023
ORD-1171,2022-11-12,Business Suit,Clothing,North,CUST-1100,9,1339.29,-39.69,2022-11,2022
ORD-1172,2023-09-04,Blazer,Clothing,Central,CUST-1002,2,288.8,84.11,2023-09,2023
ORD-1173,2023-02-15,"Monitor 27""",Technology,East,CUST-1141,5,878.7,89.74,2023-02,2023
ORD-1174,2023-11-28,USB Hub,Technology,North,CUST-1100,6,2569.26,50.21,2023-11,2023
ORD-1175,2023-06-06,Business Suit,Clothing,North,CUST-1009,3,575.64,145.05,2023-06,2023
ORD-1176,2022-05-24,Binder Clips,Office Supplies,South,CUST-1100,10,408.8,-0.16,2022-05,2022
ORD-1177,2023-12-27,Tape Dispenser,Office Supplies,North,CUST-1094,6,231.48,78.69,2023-12,2023
ORD-1178,2023-12-06,Smart Speaker,Technology,East,CUST-1167,10,3521.7,742.02,2023-12,2023
ORD-1179,2023-09-27,Polo Shirt,Clothing,South,CUST-1008,10,2313.0,-219.86,2023-09,2023
ORD-1180,2023-12-09,Desk Lamp,Furniture,Central,CUST-1198,10,3399.7,973.7,2023-12,2023
ORD-1181,2022-08-01,Tape Dispenser,Office Supplies,Central,CUST-1096,6,290.88,23.22,2022-08,2022
ORD-1182,2023-11-29,Tape Dispenser,Office Supplies,South,CUST-1063,5,172.65,-6.49,2023-11,2023
ORD-1183,2022-08-01,Tie Set,Clothing,West,CUST-1089,9,2059.74,510.2,2022-08,2022
ORD-1184,2023-01-24,Tie Set,Clothing,South,CUST-1074,1,120.32,24.91,2023-01,2023
ORD-1185,2023-05-06,File Cabinet,Furniture,Central,CUST-1069,9,2550.96,-207.56,2023-05,2023
ORD-1186,2023-11-17,File Cabinet,Furniture,North,CUST-1025,7,1338.61,115.39,2023-11,2023
ORD-1187,2022-06-11,Belt,Clothing,West,CUST-1166,4,795.96,-5.08,2022-06,2022
ORD-1188,2023-10-30,Executive Chair,Furniture,South,CUST-1106,3,1030.05,-135.79,2023-10,2023
ORD-1189,2022-10-24,Laptop Pro,Technology,East,CUST-1145,10,1875.6,640.51,2022-10,2022
ORD-1190,2023-05-21,Whiteboard,Furniture,South,CUST-1049,2,382.66,82.49,2023-05,2023
ORD-1191,2022-12-12,Sticky Notes,Office Supplies,South,CUST-1156,7,307.58,33.11,2022-12,2022
ORD-1192,2022-05-24,Tie Set,Clothing,South,CUST-1001,5,682.2,50.05,2022-05,2022
ORD-1193,2023-08-10,Mechanical Keyboard,Technology,East,CUST-1177,4,686.96,-62.44,2023-08,2023
ORD-1194,2023-12-22,Stapler Set,Office Supplies,East,CUST-1094,10,227.3,74.71,2023-12,2023
ORD-1195,2023-01-18,Belt,Clothing,Central,CUST-1170,4,799.96,152.13,2023-01,2023
ORD-1196,2023-06-25,Stapler Set,Office Supplies,Central,CUST-1028,1,44.01,13.27,2023-06,2023
ORD-1197,2023-06-17,Formal Shoes,Clothing,South,CUST-1183,10,1541.2,461.5,2023-06,2023
ORD-1198,2023-03-02,Business Suit,Clothing,Central,CUST-1118,5,967.55,46.42,2023-03,2023
ORD-1199,2022-02-16,Tie Set,Clothing,North,CUST-1138,1,229.01,-26.45,2022-02,2022
ORD-1200,2022-05-19,Tie Set,Clothing,West,CUST-1114,7,945.77,180.99,2022-05,2022
ORD-1201,2022-12-23,USB Hub,Technology,Central,CUST-1100,9,1751.13,594.27,2022-12,2022
ORD-1202,2023-04-20,Dress Shirt,Clothing,South,CUST-1063,8,1041.2,-12.68,2023-04,2023
ORD-1203,2023-11-08,Business Suit,Clothing,South,CUST-1052,2,177.9,-23.7,2023-11,2023
ORD-1204,2022-02-15,Belt,Clothing,South,CUST-1138,4,794.96,189.23,2022-02,2022
ORD-1205,2023-08-13,Binder Clips,Office Supplies,South,CUST-1077,3,148.5,16.43,2023-08,2023
ORD-1206,2023-08-29,Desk Lamp,Furniture,Central,CUST-1126,1,353.02,113.25,2023-08,2023
ORD-1207,2023-03-03,Polo Shirt,Clothing,East,CUST-1096,3,596.22,51.73,2023-03,2023
ORD-1208,2023-04-20,SSD 1TB,Technology,West,CUST-1142,9,1772.37,-50.64,2023-04,2023
ORD-1209,2023-01-15,"Monitor 27""",Technology,North,CUST-1068,7,2700.53,409.03,2023-01,2023
ORD-1210,2023-11-19,Whiteboard,Furniture,South,CUST-1085,5,1745.85,-248.49,2023-11,2023
ORD-1211,2023-05-06,File Cabinet,Furniture,West,CUST-1061,9,1701.45,-14.41,2023-05,2023
ORD-1212,2023-01-04,Belt,Clothing,North,CUST-1184,8,1599.6,16.18,2023-01,2023
ORD-1213,2022-08-15,Executive Chair,Furniture,East,CUST-1141,10,2539.4,149.29,2022-08,2022
ORD-1214,2022-09-09,Tie Set,Clothing,East,CUST-1195,8,1874.96,320.33,2022-09,2022
ORD-1215,2022-06-23,Whiteboard,Furniture,South,CUST-1138,1,240.03,64.7,2022-06,2022
ORD-1216,2022-01-07,Polo Shirt,Clothing,South,CUST-1017,3,220.62,22.69,2022-01,2022
ORD-1217,2023-09-24,Belt,Clothing,North,CUST-1001,9,1482.12,-213.54,2023-09,2023
ORD-1218,2022-01-18,Polo Shirt,Clothing,North,CUST-1024,9,873.09,-47.18,2022-01,2022
ORD-1219,2023-02-11,Webcam HD,Technology,West,CUST-1117,10,2351.2,466.99,2023-02,2023
ORD-1220,2023-10-28,Wireless Mouse,Technology,West,CUST-1097,7,2404.15,-293.17,2023-10,2023
ORD-1221,2023-03-21,Stapler Set,Office Supplies,Central,CUST-1010,4,89.6,25.45,2023-03,2023
ORD-1222,2022-03-18,Printer Paper,Office Supplies,South,CUST-1080,1,48.65,6.98,2022-03,2022
ORD-1223,2022-03-20,Ballpoint Pens,Office Supplies,Central,CUST-1061,10,442.1,19.71,2022-03,2022
ORD-1224,2022-05-24,Webcam HD,Technology,North,CUST-1025,7,1618.75,-181.29,2022-05,2022
ORD-1225,2022-12-01,Mechanical Keyboard,Technology,West,CUST-1125,4,1098.12,352.03,2022-12,2022
ORD-1226,2022-03-29,Sticky Notes,Office Supplies,North,CUST-1021,5,102.0,21.0,2022-03,2022
ORD-1227,2022-04-20,Laptop Pro,Technology,East,CUST-1113,6,2498.82,-247.09,2022-04,2022
ORD-1228,2023-06-09,Formal Shoes,Clothing,South,CUST-1022,6,990.66,147.08,2023-06,2023
ORD-1229,2023-02-28,Formal Shoes,Clothing,Central,CUST-1062,10,1595.5,307.39,2023-02,2023
ORD-1230,2022-05-30,USB Hub,Technology,West,CUST-1070,7,1784.37,430.63,2022-05,2022
ORD-1231,2023-05-23,Whiteboard,Furniture,North,CUST-1034,5,548.55,26.25,2023-05,2023
ORD-1232,2023-03-27,Highlighters,Office Supplies,Central,CUST-1034,5,131.1,42.43,2023-03,2023
ORD-1233,2022-11-23,Tape Dispenser,Office Supplies,Central,CUST-1200,4,105.64,-1.04,2022-11,2022
ORD-1234,2022-07-24,Executive Chair,Furniture,West,CUST-1181,4,873.96,-3.79,2022-07,2022
ORD-1235,2023-02-23,Polo Shirt,Clothing,East,CUST-1061,5,913.3,189.62,2023-02,2023
ORD-1236,2023-05-06,Dress Shirt,Clothing,Central,CUST-1009,6,1139.22,291.81,2023-05,2023
ORD-1237,2022-09-12,Ballpoint Pens,Office Supplies,Central,CUST-1011,10,494.3,93.29,2022-09,2022
ORD-1238,2023-03-17,Laptop Pro,Technology,North,CUST-1066,4,1314.96,143.86,2023-03,2023
ORD-1239,2023-02-05,Polo Shirt,Clothing,East,CUST-1006,8,716.48,41.55,2023-02,2023
ORD-1240,2022-05-26,File Folders,Office Supplies,East,CUST-1116,4,132.96,3.21,2022-05,2022
ORD-1241,2022-03-10,Printer Paper,Office Supplies,North,CUST-1005,6,226.08,42.63,2022-03,2022
ORD-1242,2022-06-28,Coffee Table,Furniture,Central,CUST-1109,8,1331.44,69.93,2022-06,2022
ORD-1243,2022-01-30,Whiteboard,Furniture,Central,CUST-1109,7,763.84,-32.54,2022-01,2022
ORD-1244,2023-08-15,USB Hub,Technology,East,CUST-1083,4,1240.56,-23.35,2023-08,2023
ORD-1245,2023-09-04,Dress Shirt,Clothing,Central,CUST-1029,6,786.78,62.1,2023-09,2023
ORD-1246,2023-09-22,USB Hub,Technology,East,CUST-1030,4,1027.52,-60.09,2023-09,2023
ORD-1247,2022-05-22,Dress Shirt,Clothing,South,CUST-1124,9,1696.5,292.87,2022-05,2022
ORD-1248,2022-05-24,Coffee Table,Furniture,West,CUST-1158,1,326.11,106.29,2022-05,2022
ORD-1249,2023-07-30,Dress Shirt,Clothing,West,CUST-1106,8,1232.8,-133.96,2023-07,2023
ORD-1250,2022-10-09,Sofa Set,Furniture,South,CUST-1199,8,2004.32,473.57,2022-10,2022
ORD-1251,2022-10-02,Printer Paper,Office Supplies,West,CUST-1139,4,198.56,-19.62,2022-10,2022
ORD-1252,2022-02-03,Blazer,Clothing,East,CUST-1022,8,1738.96,-158.78,2022-02,2022
ORD-1253,2023-12-07,Highlighters,Office Supplies,South,CUST-1157,3,127.41,32.71,2023-12,2023
ORD-1254,2023-09-04,Coffee Table,Furniture,East,CUST-1074,10,1753.7,489.3,2023-09,2023
ORD-1255,2023-02-26,Mechanical Keyboard,Technology,South,CUST-1179,3,712.17,146.49,2023-02,2023
ORD-1256,2023-05-17,Sofa Set,Furniture,West,CUST-1096,8,1016.24,251.32,2023-05,2023
ORD-1257,2023-12-13,Tape Dispenser,Office Supplies,West,CUST-1083,10,150.9,35.77,2023-12,2023
ORD-1258,2023-11-12,Stapler Set,Office Supplies,Central,CUST-1101,4,195.52,51.31,2023-11,2023
ORD-1259,2023-07-15,Whiteboard,Furniture,East,CUST-1174,1,1214.69,19.5,2023-07,2023
ORD-1260,2022-06-11,Belt,Clothing,North,CUST-1109,4,957.12,291.64,2022-06,2022
ORD-1261,2022-10-08,Webcam HD,Technology,East,CUST-1021,6,2295.48,400.46,2022-10,2022
ORD-1262,2022-08-28,Formal Shoes,Clothing,South,CUST-1000,4,608.4,-50.89,2022-08,2022
ORD-1263,2023-12-14,Stapler Set,Office Supplies,West,CUST-1177,3,95.16,-3.38,2023-12,2023
ORD-1264,2023-01-12,Ballpoint Pens,Office Supplies,West,CUST-1198,3,112.38,21.19,2023-01,2023
ORD-1265,2022-06-18,Tie Set,Clothing,South,CUST-1160,3,679.62,107.41,2022-06,2022
ORD-1266,2022-05-24,SSD 1TB,Technology,East,CUST-1109,6,2561.28,-66.87,2022-05,2022
ORD-1267,2023-09-15,Printer Paper,Office Supplies,East,CUST-1052,9,326.16,-18.16,2023-09,2023
ORD-1268,2022-09-03,Dress Shirt,Clothing,North,CUST-1061,8,765.17,-164.14,2022-09,2022
ORD-1269,2022-11-21,Desk Lamp,Furniture,Central,CUST-1107,6,1474.08,-93.77,2022-11,2022
ORD-1270,2023-08-25,Laptop Pro,Technology,East,CUST-1055,1,472.9,153.38,2023-08,2023
ORD-1271,2023-03-02,Dress Shirt,Clothing,North,CUST-1163,9,1460.97,-107.61,2023-03,2023
ORD-1272,2022-06-09,Highlighters,Office Supplies,Central,CUST-1162,2,51.72,3.56,2022-06,2022
ORD-1273,2023-03-21,Smart Speaker,Technology,Central,CUST-1155,1,258.25,57.03,2023-03,2023
ORD-1274,2023-12-20,USB Hub,Technology,West,CUST-1088,9,2979.27,778.34,2023-12,2023
ORD-1275,2022-10-03,Laptop Pro,Technology,East,CUST-1109,5,1666.75,-30.88,2022-10,2022
ORD-1276,2023-06-08,Printer Paper,Office Supplies,West,CUST-1145,3,83.61,-1.88,2023-06,2023
ORD-1277,2022-08-22,Laptop Pro,Technology,North,CUST-1062,1,315.12,13.07,2022-08,2022
ORD-1278,2023-07-21,Trousers,Clothing,East,CUST-1063,7,1581.02,15.76,2023-07,2023
ORD-1279,2023-11-21,USB Hub,Technology,South,CUST-1132,1,483.93,-55.91,2023-11,2023
ORD-1280,2022-12-02,Smart Speaker,Technology,North,CUST-1094,4,1008.24,244.25,2022-12,2022
ORD-1281,2023-05-21,File Cabinet,Furniture,South,CUST-1001,7,798.21,96.4,2023-05,2023
ORD-1282,2022-12-10,SSD 1TB,Technology,East,CUST-1026,4,1341.76,-41.48,2022-12,2022
ORD-1283,2023-12-30,Stapler Set,Office Supplies,North,CUST-1059,9,265.14,78.96,2023-12,2023
ORD-1284,2023-06-02,Desk Lamp,Furniture,North,CUST-1151,10,1237.0,224.17,2023-06,2023
ORD-1285,2023-02-07,Binder Clips,Office Supplies,West,CUST-1069,4,70.44,-3.43,2023-02,2023
ORD-1286,2022-06-18,Belt,Clothing,East,CUST-1104,2,324.08,107.7,2022-06,2022
ORD-1287,2022-05-03,USB Hub,Technology,East,CUST-1180,10,1641.2,439.78,2022-05,2022
ORD-1288,2022-12-31,Business Suit,Clothing,East,CUST-1066,3,231.66,12.09,2022-12,2022
ORD-1289,2023-04-19,USB Hub,Technology,North,CUST-1003,1,440.63,150.38,2023-04,2023
ORD-1290,2023-10-08,Mechanical Keyboard,Technology,North,CUST-1005,2,438.42,75.84,2023-10,2023
ORD-1291,2022-12-06,Laptop Pro,Technology,West,CUST-1012,3,1420.35,94.56,2022-12,2022
ORD-1292,2023-03-13,Coffee Table,Furniture,South,CUST-1047,5,892.6,260.38,2023-03,2023
ORD-1293,2022-10-30,Dress Shirt,Clothing,Central,CUST-1122,1,86.74,3.6,2022-10,2022
ORD-1294,2022-09-13,SSD 1TB,Technology,East,CUST-1122,9,3811.5,83.92,2022-09,2022
ORD-1295,2022-01-27,Sticky Notes,Office Supplies,North,CUST-1199,5,85.25,29.48,2022-01,2022
ORD-1296,2022-06-13,"Monitor 27""",Technology,South,CUST-1068,9,3921.3,1210.23,2022-06,2022
ORD-1297,2023-02-02,Ballpoint Pens,Office Supplies,South,CUST-1060,10,261.3,57.24,2023-02,2023
ORD-1298,2022-12-27,File Cabinet,Furniture,South,CUST-1138,5,761.2,-99.73,2022-12,2022
ORD-1299,2023-05-05,Webcam HD,Technology,Central,CUST-1051,3,807.81,-49.49,2023-05,2023
ORD-1300,2022-06-01,Standing Desk,Furniture,Central,CUST-1093,2,404.28,129.76,2022-06,2022
ORD-1301,2022-05-20,Desk Lamp,Furniture,West,CUST-1166,6,911.4,304.75,2022-05,2022
ORD-1302,2022-08-17,Desk Lamp,Furniture,East,CUST-1187,5,700.45,150.19,2022-08,2022
ORD-1303,2023-08-05,USB Hub,Technology,Central,CUST-1081,10,2273.1,301.81,2023-08,2023
ORD-1304,2022-09-01,Binder Clips,Office Supplies,South,CUST-1162,2,87.52,16.19,2022-09,2022
ORD-1305,2022-08-03,Standing Desk,Furniture,East,CUST-1065,2,579.08,-72.92,2022-08,2022
ORD-1306,2023-02-28,Dress Shirt,Clothing,East,CUST-1139,7,623.28,55.94,2023-02,2023
ORD-1307,2022-06-16,Formal Shoes,Clothing,North,CUST-1075,1,125.54,40.9,2022-06,2022
ORD-1308,2022-03-18,Webcam HD,Technology,Central,CUST-1157,8,3172.64,208.32,2022-03,2022
ORD-1309,2022-02-24,Webcam HD,Technology,South,CUST-1048,7,2758.14,582.02,2022-02,2022
ORD-1310,2022-09-01,Laptop Pro,Technology,West,CUST-1146,9,3995.55,-292.49,2022-09,2022
ORD-1311,2023-11-09,Trousers,Clothing,North,CUST-1006,4,402.8,-1.65,2023-11,2023
ORD-1312,2023-02-12,Belt,Clothing,East,CUST-1023,9,1233.9,43.82,2023-02,2023
ORD-1313,2023-03-27,Blazer,Clothing,South,CUST-1068,10,823.6,186.23,2023-03,2023
ORD-1314,2023-07-09,Trousers,Clothing,Central,CUST-1015,7,1466.43,86.98,2023-07,2023
ORD-1315,2022-08-30,Blazer,Clothing,North,CUST-1101,1,156.35,46.94,2022-08,2022
ORD-1316,2022-05-04,Polo Shirt,Clothing,South,CUST-1054,4,372.8,23.0,2022-05,2022
ORD-1317,2023-10-05,Sofa Set,Furniture,East,CUST-1186,2,259.86,33.31,2023-10,2023
ORD-1318,2022-01-13,Formal Shoes,Clothing,West,CUST-1038,3,501.57,70.89,2022-01,2022
ORD-1319,2022-04-14,Binder Clips,Office Supplies,West,CUST-1067,7,265.44,36.1,2022-04,2022
ORD-1320,2023-09-26,Business Suit,Clothing,West,CUST-1084,4,321.12,28.13,2023-09,2023
ORD-1321,2022-11-07,File Folders,Office Supplies,West,CUST-1178,2,98.08,-3.53,2022-11,2022
ORD-1322,2022-11-25,Highlighters,Office Supplies,Central,CUST-1165,2,43.16,-1.91,2022-11,2022
ORD-1323,2023-01-18,USB Hub,Technology,North,CUST-1079,9,2620.62,629.63,2023-01,2023
ORD-1324,2022-07-25,"Monitor 27""",Technology,North,CUST-1116,1,471.31,95.35,2022-07,2022
ORD-1325,2023-10-13,Laptop Pro,Technology,South,CUST-1095,8,2863.36,-175.26,2023-10,2023
ORD-1326,2022-06-17,Stapler Set,Office Supplies,East,CUST-1007,7,117.18,32.45,2022-06,2022
ORD-1327,2022-08-19,Sofa Set,Furniture,West,CUST-1131,1,325.89,108.71,2022-08,2022
ORD-1328,2022-06-27,"Monitor 27""",Technology,East,CUST-1155,5,1997.3,408.82,2022-06,2022
ORD-1329,2023-04-16,Sticky Notes,Office Supplies,West,CUST-1077,9,394.65,19.17,2023-04,2023
ORD-1330,2023-01-19,File Folders,Office Supplies,North,CUST-1123,2,53.54,-0.63,2023-01,2023
ORD-1331,2023-10-30,Sticky Notes,Office Supplies,South,CUST-1132,4,185.96,46.99,2023-10,2023
ORD-1332,2023-11-29,Executive Chair,Furniture,West,CUST-1075,5,1682.7,88.0,2023-11,2023
ORD-1333,2022-07-14,Sticky Notes,Office Supplies,Central,CUST-1163,8,373.84,69.51,2022-07,2022
ORD-1334,2023-07-26,Sofa Set,Furniture,North,CUST-1120,3,884.13,187.96,2023-07,2023
ORD-1335,2022-12-10,"Monitor 27""",Technology,East,CUST-1057,5,1485.85,435.98,2022-12,2022
ORD-1336,2022-05-01,Business Suit,Clothing,Central,CUST-1148,10,839.6,247.44,2022-05,2022
ORD-1337,2022-11-02,Business Suit,Clothing,South,CUST-1035,4,518.28,178.08,2022-11,2022
ORD-1338,2022-07-04,Smart Speaker,Technology,East,CUST-1161,3,779.07,-94.26,2022-07,2022
ORD-1339,2023-08-14,Whiteboard,Furniture,South,CUST-1033,10,2173.0,140.6,2023-08,2023
ORD-1340,2023-07-01,Coffee Table,Furniture,North,CUST-1082,9,1404.27,264.53,2023-07,2023
ORD-1341,2022-12-19,Ballpoint Pens,Office Supplies,North,CUST-1098,9,320.4,-21.3,2022-12,2022
ORD-1342,2023-06-17,Highlighters,Office Supplies,South,CUST-1087,8,220.56,-12.3,2023-06,2023
ORD-1343,2022-08-22,Bookshelf,Furniture,South,CUST-1187,1,256.6,-16.81,2022-08,2022
ORD-1344,2023-10-18,Printer Paper,Office Supplies,Central,CUST-1012,2,75.74,-10.61,2023-10,2023
ORD-1345,2023-07-15,Tape Dispenser,Office Supplies,South,CUST-1052,1,25.54,4.62,2023-07,2023
ORD-1346,2022-05-21,Formal Shoes,Clothing,Central,CUST-1184,10,917.8,-85.35,2022-05,2022
ORD-1347,2022-09-27,Coffee Table,Furniture,West,CUST-1075,3,353.79,34.73,2022-09,2022
ORD-1348,2022-01-03,Wireless Mouse,Technology,North,CUST-1146,8,1617.6,-169.78,2022-01,2022
ORD-1349,2022-09-20,Whiteboard,Furniture,East,CUST-1067,8,964.96,247.6,2022-09,2022
ORD-1350,2023-11-25,Highlighters,Office Supplies,North,CUST-1024,1,15.34,-1.24,2023-11,2023
ORD-1351,2023-09-29,Stapler Set,Office Supplies,East,CUST-1087,3,56.94,2.85,2023-09,2023
ORD-1352,2023-05-05,Polo Shirt,Clothing,North,CUST-1033,1,236.9,64.48,2023-05,2023
ORD-1353,2023-08-06,Polo Shirt,Clothing,Central,CUST-1097,6,1048.26,294.86,2023-08,2023
ORD-1354,2023-05-10,Formal Shoes,Clothing,West,CUST-1112,1,82.64,14.67,2023-05,2023
ORD-1355,2023-08-14,Coffee Table,Furniture,Central,CUST-1133,10,1320.0,238.73,2023-08,2023
ORD-1356,2023-01-30,Executive Chair,Furniture,North,CUST-1164,3,706.2,59.78,2023-01,2023
ORD-1357,2022-11-25,Coffee Table,Furniture,East,CUST-1012,9,1477.08,253.55,2022-11,2022
ORD-1358,2023-08-10,Formal Shoes,Clothing,West,CUST-1114,6,551.64,54.44,2023-08,2023
ORD-1359,2023-07-25,Wireless Mouse,Technology,Central,CUST-1158,5,2307.7,302.69,2023-07,2023
ORD-1360,2022-02-25,Whiteboard,Furniture,East,CUST-1143,10,2591.9,539.97,2022-02,2022
ORD-1361,2023-11-06,Executive Chair,Furniture,East,CUST-1090,5,1230.1,45.45,2023-11,2023
ORD-1362,2023-02-24,Mechanical Keyboard,Technology,Central,CUST-1050,4,769.04,212.33,2023-02,2023
ORD-1363,2022-12-13,SSD 1TB,Technology,North,CUST-1162,10,1931.3,571.43,2022-12,2022
ORD-1364,2023-05-26,Laptop Pro,Technology,Central,CUST-1110,10,3190.3,332.32,2023-05,2023
ORD-1365,2022-05-12,SSD 1TB,Technology,Central,CUST-1155,6,1958.64,82.91,2022-05,2022
ORD-1366,2022-10-08,Tie Set,Clothing,East,CUST-1115,3,285.63,43.21,2022-10,2022
ORD-1367,2023-07-15,Sticky Notes,Office Supplies,South,CUST-1053,10,400.0,77.32,2023-07,2023
ORD-1368,2022-07-02,Stapler Set,Office Supplies,East,CUST-1143,8,283.2,91.0,2022-07,2022
ORD-1369,2023-07-01,Highlighters,Office Supplies,North,CUST-1133,2,31.76,-2.46,2023-07,2023
ORD-1370,2022-06-14,File Folders,Office Supplies,South,CUST-1015,5,110.7,13.35,2022-06,2022
ORD-1371,2023-11-23,Desk Lamp,Furniture,South,CUST-1130,5,1413.1,-178.77,2023-11,2023
ORD-1372,2023-12-03,Printer Paper,Office Supplies,North,CUST-1190,5,110.55,31.44,2023-12,2023
ORD-1373,2023-10-11,Sticky Notes,Office Supplies,South,CUST-1075,8,169.68,32.46,2023-10,2023
ORD-1374,2023-01-22,SSD 1TB,Technology,East,CUST-1142,5,977.6,138.81,2023-01,2023
ORD-1375,2022-06-08,USB Hub,Technology,East,CUST-1152,1,420.78,68.45,2022-06,2022
ORD-1376,2023-07-18,Stapler Set,Office Supplies,East,CUST-1134,4,193.96,21.39,2023-07,2023
ORD-1377,2023-02-18,Webcam HD,Technology,South,CUST-1054,6,1595.22,-5.13,2023-02,2023
ORD-1378,2023-07-29,Wireless Mouse,Technology,East,CUST-1114,4,1866.28,292.73,2023-07,2023
ORD-1379,2022-11-25,Formal Shoes,Clothing,West,CUST-1065,9,1742.67,-239.87,2022-11,2022
ORD-1380,2023-06-05,Belt,Clothing,North,CUST-1075,4,503.24,-54.77,2023-06,2023
ORD-1381,2023-07-01,Wireless Mouse,Technology,South,CUST-1171,4,1810.92,112.47,2023-07,2023
ORD-1382,2023-03-22,USB Hub,Technology,North,CUST-1117,6,979.56,-111.06,2023-03,2023
ORD-1383,2022-08-22,Highlighters,Office Supplies,West,CUST-1115,7,211.12,-29.88,2022-08,2022
ORD-1384,2023-09-26,Laptop Pro,Technology,North,CUST-1091,9,1684.35,410.05,2023-09,2023
ORD-1385,2023-03-25,Dress Shirt,Clothing,North,CUST-1121,3,484.86,-39.67,2023-03,2023
ORD-1386,2023-10-12,Sofa Set,Furniture,East,CUST-1002,9,2955.96,-234.45,2023-10,2023
ORD-1387,2023-07-15,Mechanical Keyboard,Technology,South,CUST-1191,6,1344.66,407.18,2023-07,2023
ORD-1388,2023-09-24,Sticky Notes,Office Supplies,North,CUST-1046,10,448.3,123.59,2023-09,2023
ORD-1389,2023-07-17,Mechanical Keyboard,Technology,North,CUST-1064,2,438.2,61.48,2023-07,2023
ORD-1390,2022-08-29,Mechanical Keyboard,Technology,Central,CUST-1017,4,1044.92,78.71,2022-08,2022
ORD-1391,2023-08-03,Binder Clips,Office Supplies,West,CUST-1043,1,25.96,6.3,2023-08,2023
ORD-1392,2023-01-04,Coffee Table,Furniture,West,CUST-1118,8,1587.2,4.34,2023-01,2023
ORD-1393,2022-10-15,File Cabinet,Furniture,East,CUST-1187,2,582.62,172.49,2022-10,2022
ORD-1394,2023-08-16,Trousers,Clothing,North,CUST-1141,5,816.5,285.26,2023-08,2023
ORD-1395,2022-08-17,Ballpoint Pens,Office Supplies,West,CUST-1128,9,163.53,5.22,2022-08,2022
ORD-1396,2023-09-21,Bookshelf,Furniture,West,CUST-1040,3,752.16,99.97,2023-09,2023
ORD-1397,2023-01-03,"Monitor 27""",Technology,West,CUST-1059,2,485.04,-16.0,2023-01,2023
ORD-1398,2023-02-02,Belt,Clothing,North,CUST-1010,6,536.04,179.16,2023-02,2023
ORD-1399,2023-08-16,Desk Lamp,Furniture,West,CUST-1093,10,2726.4,729.95,2023-08,2023
ORD-1400,2023-06-13,Tie Set,Clothing,East,CUST-1124,8,1768.32,-259.41,2023-06,2023
ORD-1401,2023-06-11,Sticky Notes,Office Supplies,South,CUST-1047,3,83.04,17.33,2023-06,2023
ORD-1402,2022-04-27,Belt,Clothing,West,CUST-1053,10,990.9,264.26,2022-04,2022
ORD-1403,2022-06-14,Executive Chair,Furniture,Central,CUST-1037,1,149.92,46.66,2022-06,2022
ORD-1404,2023-10-15,Mechanical Keyboard,Technology,North,CUST-1055,8,2898.24,248.4,2023-10,2023
ORD-1405,2022-05-27,Sofa Set,Furniture,South,CUST-1185,6,2042.58,302.85,2022-05,2022
ORD-1406,2022-01-17,Desk Lamp,Furniture,South,CUST-1155,2,305.42,91.87,2022-01,2022
ORD-1407,2022-05-01,Smart Speaker,Technology,South,CUST-1154,9,3956.67,1181.0,2022-05,2022
ORD-1408,2023-01-15,SSD 1TB,Technology,South,CUST-1123,7,1908.76,481.6,2023-01,2023
ORD-1409,2023-03-12,Sofa Set,Furniture,West,CUST-1196,4,1349.36,-145.85,2023-03,2023
ORD-1410,2022-01-06,Wireless Mouse,Technology,Central,CUST-1001,7,2653.63,514.49,2022-01,2022
ORD-1411,2023-10-30,File Folders,Office Supplies,Central,CUST-1108,10,278.0,-3.4,2023-10,2023
ORD-1412,2023-07-25,Polo Shirt,Clothing,East,CUST-1143,9,1379.43,474.87,2023-07,2023
ORD-1413,2022-05-22,"Monitor 27""",Technology,West,CUST-1200,3,555.3,57.85,2022-05,2022
ORD-1414,2023-12-02,USB Hub,Technology,West,CUST-1162,1,431.53,112.9,2023-12,2023
ORD-1415,2022-09-27,Coffee Table,Furniture,North,CUST-1155,1,290.57,91.63,2022-09,2022
ORD-1416,2023-09-04,USB Hub,Technology,West,CUST-1112,1,220.6,39.36,2023-09,2023
ORD-1417,2023-09-06,Bookshelf,Furniture,North,CUST-1092,4,1092.24,368.98,2023-09,2023
ORD-1418,2023-11-17,Dress Shirt,Clothing,Central,CUST-1051,9,671.22,135.46,2023-11,2023
ORD-1419,2023-07-27,Binder Clips,Office Supplies,East,CUST-1057,10,163.53,37.69,2023-07,2023
ORD-1420,2023-06-03,Wireless Mouse,Technology,Central,CUST-1075,6,2888.76,726.44,2023-06,2023
ORD-1421,2023-08-12,Tape Dispenser,Office Supplies,West,CUST-1144,8,335.6,76.76,2023-08,2023
ORD-1422,2023-08-24,Smart Speaker,Technology,North,CUST-1066,2,567.88,138.75,2023-08,2023
ORD-1423,2023-02-27,Printer Paper,Office Supplies,East,CUST-1063,5,91.3,17.06,2023-02,2023
ORD-1424,2023-05-03,Binder Clips,Office Supplies,South,CUST-1146,5,107.0,23.87,2023-05,2023
ORD-1425,2022-08-29,Sofa Set,Furniture,South,CUST-1058,4,1273.64,341.55,2022-08,2022
ORD-1426,2022-03-22,Business Suit,Clothing,Central,CUST-1010,8,1074.88,8.29,2022-03,2022
ORD-1427,2022-10-09,Polo Shirt,Clothing,Central,CUST-1071,7,765.17,105.85,2022-10,2022
ORD-1428,2023-07-08,Webcam HD,Technology,South,CUST-1175,3,930.06,-83.53,2023-07,2023
ORD-1429,2023-11-22,Desk Lamp,Furniture,Central,CUST-1025,6,1194.72,335.62,2023-11,2023
ORD-1430,2023-09-20,Binder Clips,Office Supplies,South,CUST-1127,7,156.59,31.37,2023-09,2023
ORD-1431,2022-07-04,File Cabinet,Furniture,North,CUST-1184,5,1553.15,198.29,2022-07,2022
ORD-1432,2022-06-03,Business Suit,Clothing,South,CUST-1107,8,756.72,224.47,2022-06,2022
ORD-1433,2023-05-14,File Folders,Office Supplies,Central,CUST-1145,1,28.94,5.65,2023-05,2023
ORD-1434,2023-10-07,Smart Speaker,Technology,East,CUST-1066,6,1656.66,213.29,2023-10,2023
ORD-1435,2022-12-26,Bookshelf,Furniture,East,CUST-1090,6,1665.84,156.17,2022-12,2022
ORD-1436,2022-10-21,Polo Shirt,Clothing,South,CUST-1163,6,857.22,133.86,2022-10,2022
ORD-1437,2022-12-18,Coffee Table,Furniture,East,CUST-1167,5,1435.15,219.14,2022-12,2022
ORD-1438,2023-01-07,Dress Shirt,Clothing,South,CUST-1047,1,93.01,-3.04,2023-01,2023
ORD-1439,2022-08-04,Desk Lamp,Furniture,North,CUST-1024,2,688.14,59.59,2022-08,2022
ORD-1440,2022-03-27,Mechanical Keyboard,Technology,Central,CUST-1039,2,758.38,222.0,2022-03,2022
ORD-1441,2023-10-04,Bookshelf,Furniture,Central,CUST-1043,1,116.86,3.32,2023-10,2023
ORD-1442,2023-07-08,Tape Dispenser,Office Supplies,South,CUST-1178,9,190.8,28.39,2023-07,2023
ORD-1443,2023-06-21,Binder Clips,Office Supplies,West,CUST-1138,4,172.64,12.25,2023-06,2023
ORD-1444,2022-01-01,Coffee Table,Furniture,South,CUST-1120,9,990.9,308.21,2022-01,2022
ORD-1445,2023-03-17,Sticky Notes,Office Supplies,North,CUST-1140,6,129.6,37.72,2023-03,2023
ORD-1446,2023-10-24,Dress Shirt,Clothing,South,CUST-1067,2,285.88,-8.64,2023-10,2023
ORD-1447,2023-12-03,File Folders,Office Supplies,Central,CUST-1068,7,151.06,-17.49,2023-12,2023
ORD-1448,2023-04-09,Tape Dispenser,Office Supplies,South,CUST-1082,1,20.33,6.81,2023-04,2023
ORD-1449,2022-05-09,Business Suit,Clothing,South,CUST-1023,3,223.41,-9.25,2022-05,2022
ORD-1450,2023-01-16,Business Suit,Clothing,East,CUST-1020,3,244.23,58.08,2023-01,2023
ORD-1451,2022-09-14,Business Suit,Clothing,North,CUST-1196,4,546.6,184.47,2022-09,2022
ORD-1452,2022-04-07,Whiteboard,Furniture,West,CUST-1174,5,1719.65,-121.57,2022-04,2022
ORD-1453,2022-05-06,Tape Dispenser,Office Supplies,East,CUST-1050,6,276.36,77.89,2022-05,2022
ORD-1454,2022-11-29,USB Hub,Technology,East,CUST-1149,2,577.06,-16.42,2022-11,2022
ORD-1455,2023-12-06,Coffee Table,Furniture,North,CUST-1063,3,701.94,135.45,2023-12,2023
ORD-1456,2022-03-03,Webcam HD,Technology,South,CUST-1179,9,3843.09,-334.68,2022-03,2022
ORD-1457,2022-12-22,Trousers,Clothing,North,CUST-1176,7,925.19,-76.45,2022-12,2022
ORD-1458,2022-10-29,Trousers,Clothing,Central,CUST-1047,9,1173.69,253.75,2022-10,2022
ORD-1459,2023-07-22,Standing Desk,Furniture,Central,CUST-1039,8,1214.69,-26.76,2023-07,2023
ORD-1460,2023-01-24,Executive Chair,Furniture,Central,CUST-1093,10,1681.7,354.0,2023-01,2023
ORD-1461,2023-06-21,Polo Shirt,Clothing,Central,CUST-1072,6,845.1,9.31,2023-06,2023
ORD-1462,2022-05-13,Executive Chair,Furniture,South,CUST-1027,8,1250.32,-167.66,2022-05,2022
ORD-1463,2023-10-01,Printer Paper,Office Supplies,East,CUST-1056,10,401.2,-57.55,2023-10,2023
ORD-1464,2022-03-23,Business Suit,Clothing,East,CUST-1142,7,1470.7,363.45,2022-03,2022
ORD-1465,2022-03-14,Stapler Set,Office Supplies,South,CUST-1132,2,37.08,-1.28,2022-03,2022
ORD-1466,2023-08-07,Desk Lamp,Furniture,North,CUST-1196,10,1982.1,157.3,2023-08,2023
ORD-1467,2022-07-04,Tie Set,Clothing,South,CUST-1136,10,1464.3,38.31,2022-07,2022
ORD-1468,2023-01-16,Dress Shirt,Clothing,East,CUST-1155,4,666.44,-28.68,2023-01,2023
ORD-1469,2023-04-09,Dress Shirt,Clothing,North,CUST-1185,1,237.14,35.07,2023-04,2023
ORD-1470,2022-11-04,File Cabinet,Furniture,East,CUST-1005,5,1698.1,179.38,2022-11,2022
ORD-1471,2023-04-17,Ballpoint Pens,Office Supplies,South,CUST-1067,6,276.84,-6.94,2023-04,2023
ORD-1472,2023-08-06,Standing Desk,Furniture,East,CUST-1123,3,693.15,207.61,2023-08,2023
ORD-1473,2023-10-20,Printer Paper,Office Supplies,Central,CUST-1097,2,84.6,26.31,2023-10,2023
ORD-1474,2022-05-04,Executive Chair,Furniture,West,CUST-1013,5,1200.7,11.6,2022-05,2022
ORD-1475,2022-06-06,SSD 1TB,Technology,West,CUST-1192,10,3513.4,-368.76,2022-06,2022
ORD-1476,2022-12-11,Smart Speaker,Technology,Central,CUST-1190,1,341.85,-6.4,2022-12,2022
ORD-1477,2022-05-19,Trousers,Clothing,West,CUST-1101,10,1049.4,165.8,2022-05,2022
ORD-1478,2023-03-17,Stapler Set,Office Supplies,North,CUST-1171,7,208.74,5.04,2023-03,2023
ORD-1479,2022-11-09,Coffee Table,Furniture,Central,CUST-1113,10,1447.5,-184.64,2022-11,2022
ORD-1480,2022-03-29,Laptop Pro,Technology,South,CUST-1158,3,1362.18,354.26,2022-03,2022
ORD-1481,2023-04-06,Business Suit,Clothing,East,CUST-1053,9,968.4,119.32,2023-04,2023
ORD-1482,2022-05-25,SSD 1TB,Technology,Central,CUST-1169,9,1486.98,-96.42,2022-05,2022
ORD-1483,2022-02-24,Business Suit,Clothing,North,CUST-1099,5,916.9,280.97,2022-02,2022
ORD-1484,2023-10-27,Trousers,Clothing,West,CUST-1130,2,447.7,41.34,2023-10,2023
ORD-1485,2023-04-14,Laptop Pro,Technology,South,CUST-1135,5,1333.75,62.29,2023-04,2023
ORD-1486,2023-10-03,Sticky Notes,Office Supplies,Central,CUST-1070,1,36.9,10.68,2023-10,2023
ORD-1487,2023-07-23,Sticky Notes,Office Supplies,South,CUST-1087,7,265.93,-28.22,2023-07,2023
ORD-1488,2023-10-03,Desk Lamp,Furniture,South,CUST-1146,3,646.41,4.0,2023-10,2023
ORD-1489,2023-10-31,File Cabinet,Furniture,South,CUST-1079,9,3034.89,197.37,2023-10,2023
ORD-1490,2023-08-02,Coffee Table,Furniture,North,CUST-1142,9,3123.45,-283.63,2023-08,2023
ORD-1491,2022-11-23,Dress Shirt,Clothing,East,CUST-1113,5,487.65,-27.32,2022-11,2022
ORD-1492,2023-09-24,Sticky Notes,Office Supplies,Central,CUST-1059,4,156.24,4.63,2023-09,2023
ORD-1493,2023-09-12,Tie Set,Clothing,South,CUST-1099,8,1212.88,-82.61,2023-09,2023
ORD-1494,2022-10-04,Trousers,Clothing,South,CUST-1193,4,332.44,104.24,2022-10,2022
ORD-1495,2022-11-29,Trousers,Clothing,West,CUST-1103,1,174.13,45.65,2022-11,2022
ORD-1496,2023-08-09,Wireless Mouse,Technology,West,CUST-1116,1,457.22,-12.41,2023-08,2023
ORD-1497,2023-02-01,"Monitor 27""",Technology,East,CUST-1112,7,3216.78,761.86,2023-02,2023
ORD-1498,2022-02-25,Whiteboard,Furniture,West,CUST-1023,9,1228.68,294.1,2022-02,2022
ORD-1499,2023-02-28,Tape Dispenser,Office Supplies,North,CUST-1045,8,285.28,58.86,2023-02,2023
ORD-1500,2023-12-10,Standing Desk,Furniture,North,CUST-1029,8,2142.32,-229.97,2023-12,2023
